{
    "HR_CDP Center": "CDP Center",
    "HR_Crossfunctional Supporting Services": "Support",
    "HR_DirX": "DirX",
    "HR_DirX@SFS": "DirX",
    "HR_Employee Services": "Support",
    "HR_FITS": "Support",
    "HR_IAM (Access Mgmt)": "IAM",
    "HR_IAM (Identity Mgmt)": "IAM",
    "HR_Jira": "Jira",
    "HR_Request Approval Tool": "Support",
    "HR_SCD_Additional Services": "SCD",
    "HR_SCD_Corporate Services": "SCD",
    "HR_SCD_EHS-FirstResponder_11175": "SCD",
    "HR_SCD_Future-Gender/Name": "SCD",
    "HR_SCD_PerNumGen": "SCD",
    "HR_SCD_ReDesign": "SCD",
    "HR_SCD_SE Separation" : "SCD",
    "HR_ServicePoint@Mendix": "Support",
    "HR_Sharepoint": "Support",
    "HR_Websites": "Support",
    "HR_Wiki": "Support",
    "HR_SDL": "SDL",
    "HR_SDL Sync AD": "SDL",
    "HR_Processes & IT Assurance" : "Processes & IT Assurance",
    "HR_Compliance Topics" : "Compliance Topics",
    "HR_Workday Reporting_Roll out" : "Workday Rollout",
    "not in PCT Structure Report": "Error"
}